{
    "value0": {
        "T_imu_cam": [
            {
                "px": 0.013376622352229398,
                "py": -0.021821036008450898,
                "pz": 0.008138433827698799,
                "qw": 0.7096100067872753,
                "qx": 0.005022815293579799,
                "qy": -0.0009370146878242241,
                "qz": -0.7045761361253761
            },
            {
                "px": 0.013859769468736998,
                "py": -0.08669117785136801,
                "pz": 0.0081453941769298,
                "qw": 0.7097719436094707,
                "qx": 0.003300250197917819,
                "qy": -0.0016345003619044006,
                "qz": -0.7044219082496173
            }
        ],
        "intrinsics": [
            {
                "camera_type": "ds",
                "intrinsics": {
                    "fx": 164.69600396660084,
                    "fy": 164.95932186685377,
                    "cx": 152.5492472271241,
                    "cy": 109.06827900787962,
                    "xi": -0.10210283770940091,
                    "alpha": 0.6915134793340634
                }
            },
            {
                "camera_type": "ds",
                "intrinsics": {
                    "fx": 148.39039450813544,
                    "fy": 148.67599717328358,
                    "cx": 151.98791325019218,
                    "cy": 115.14703229421822,
                    "xi": -0.19511923179666432,
                    "alpha": 0.643098135949595
                }
            }
        ],
        "resolution": [
            [
                320,
                240
            ],
            [
                320,
                240
            ]
        ],
        "vignette": [],
        "calib_accel_bias": [
            0,
            0,
            0,
            0,
            0,
            0,
            0,
            0,
            0
        ],
        "calib_gyro_bias": [
            0,
            0,
            0,
            0,
            0,
            0,
            0,
            0,
            0,
            0,
            0,
            0
        ],
        "imu_update_rate": 200,
        "accel_noise_std": [
            0.03143360164348194,
            0.03143360164348194,
            0.03143360164348194
        ],
        "gyro_noise_std": [
            0.002003977903587266,
            0.002003977903587266,
            0.002003977903587266
        ],
        "accel_bias_std": [
            0.001600987830829575,
            0.001600987830829575,
            0.001600987830829575
        ],
        "gyro_bias_std": [
            0.0004644807853220198,
            0.0004644807853220198,
            0.0004644807853220198
        ],
        "cam_time_offset_ns": 12927075
    }
}
